sample_id,partner_sample_id,contributor,country,location,year,month,latitude,longitude,sex_call,sample_set,release,aim_species_fraction_colu,aim_species_fraction_arab,aim_species_gambcolu_arabiensis,aim_species_gambiae_coluzzii,aim_species,country_iso,admin1_name,admin1_iso,admin2_name,taxon,cohort_admin1_year,cohort_admin1_month,cohort_admin2_year,cohort_admin2_month,PC1,PC2,PC3,PC4,PC5,PC6,PC7,PC8,PC9,PC10
AA0052-C,Twifo_Praso__F2,David Weetman,Ghana,Twifo Praso,2012,9,5.609,-1.5490000000000002,F,AG1000G-GH,3.0,0.97,0.002,gamb_colu,coluzzii,coluzzii,GHA,Central,GH-CP,Twifu Heman/Lower Denkyira,coluzzii,GH-CP_colu_2012,GH-CP_colu_2012_09,GH-CP_Twifu-Heman-Lower-Denkyira_colu_2012,GH-CP_Twifu-Heman-Lower-Denkyira_colu_2012_09,-65.400345,-0.30525902,-2.4298694,-6.347872,17.5121,-5.892458,10.302543,-5.5932875,15.097883,-4.9157524
AA0103-C,Takoradi_H9,David Weetman,Ghana,Takoradi,2012,8,4.912,-1.774,F,AG1000G-GH,3.0,0.9670000000000001,0.002,gamb_colu,coluzzii,coluzzii,GHA,Western,GH-WP,Shama Ahanta East,coluzzii,GH-WP_colu_2012,GH-WP_colu_2012_08,GH-WP_Shama-Ahanta-East_colu_2012,GH-WP_Shama-Ahanta-East_colu_2012_08,-78.06578,1.7607547,0.2821362,-5.271507,25.382019,1.6887908,-84.09495,25.271698,-52.682053,38.56246
AA0115-C,Takoradi_A10,David Weetman,Ghana,Takoradi,2012,8,4.912,-1.774,F,AG1000G-GH,3.0,0.9670000000000001,0.002,gamb_colu,coluzzii,coluzzii,GHA,Western,GH-WP,Shama Ahanta East,coluzzii,GH-WP_colu_2012,GH-WP_colu_2012_08,GH-WP_Shama-Ahanta-East_colu_2012,GH-WP_Shama-Ahanta-East_colu_2012_08,-71.772285,-0.39763018,3.967586,-4.4467206,27.931488,-1.0303265,40.33394,-9.123698,127.154594,-69.73393
AA0050-C,Madina_E5,David Weetman,Ghana,Madina_West,2012,11,5.667999999999999,-0.21899999999999997,F,AG1000G-GH,3.0,0.057,0.002,gamb_colu,gambiae,gambiae,GHA,Greater Accra,GH-AA,Ga East,gambiae,GH-AA_gamb_2012,GH-AA_gamb_2012_11,GH-AA_Ga-East_gamb_2012,GH-AA_Ga-East_gamb_2012_11,111.94134,-15.219899,3.1769288,67.89192,-5.5943623,4.5769553,9.524828,-10.458305,-44.23288,-134.0762
AA0134-C,Madina_D6,David Weetman,Ghana,Madina_West,2012,11,5.667999999999999,-0.21899999999999997,F,AG1000G-GH,3.0,0.972,0.002,gamb_colu,coluzzii,coluzzii,GHA,Greater Accra,GH-AA,Ga East,coluzzii,GH-AA_colu_2012,GH-AA_colu_2012_11,GH-AA_Ga-East_colu_2012,GH-AA_Ga-East_colu_2012_11,-76.09931,1.9774873,-1.6516374,-6.123354,-30.109978,3.3503067,180.27571,-28.922499,-26.313951,103.049576
AA0063-C,Twifo_Praso__D1,David Weetman,Ghana,Twifo Praso,2012,9,5.609,-1.5490000000000002,F,AG1000G-GH,3.0,0.972,0.002,gamb_colu,coluzzii,coluzzii,GHA,Central,GH-CP,Twifu Heman/Lower Denkyira,coluzzii,GH-CP_colu_2012,GH-CP_colu_2012_09,GH-CP_Twifu-Heman-Lower-Denkyira_colu_2012,GH-CP_Twifu-Heman-Lower-Denkyira_colu_2012_09,-73.90435,-0.20934847,1.8108953,-0.31065938,19.938723,-4.8019,77.71053,-28.241495,77.73357,-34.239754
AA0040-C,Twifo_Praso__E2,David Weetman,Ghana,Twifo Praso,2012,9,5.609,-1.5490000000000002,F,AG1000G-GH,3.0,0.9790000000000001,0.002,gamb_colu,coluzzii,coluzzii,GHA,Central,GH-CP,Twifu Heman/Lower Denkyira,coluzzii,GH-CP_colu_2012,GH-CP_colu_2012_09,GH-CP_Twifu-Heman-Lower-Denkyira_colu_2012,GH-CP_Twifu-Heman-Lower-Denkyira_colu_2012_09,-56.589066,0.25672796,-0.061897345,-1.5576301,14.915312,5.4980307,-2.9330168,-10.094524,32.561474,3.6142514
AA0064-C,Twifo_Praso__G2,David Weetman,Ghana,Twifo Praso,2012,9,5.609,-1.5490000000000002,F,AG1000G-GH,3.0,0.971,0.002,gamb_colu,coluzzii,coluzzii,GHA,Central,GH-CP,Twifu Heman/Lower Denkyira,coluzzii,GH-CP_colu_2012,GH-CP_colu_2012_09,GH-CP_Twifu-Heman-Lower-Denkyira_colu_2012,GH-CP_Twifu-Heman-Lower-Denkyira_colu_2012_09,-70.93962,2.8985868,1.6069772,-1.3165493,24.465538,4.7306604,-13.589981,3.7332468,-15.070847,-25.293905
AA0088-C,Twifo_Praso__C3,David Weetman,Ghana,Twifo Praso,2012,9,5.609,-1.5490000000000002,F,AG1000G-GH,3.0,0.98,0.002,gamb_colu,coluzzii,coluzzii,GHA,Central,GH-CP,Twifu Heman/Lower Denkyira,coluzzii,GH-CP_colu_2012,GH-CP_colu_2012_09,GH-CP_Twifu-Heman-Lower-Denkyira_colu_2012,GH-CP_Twifu-Heman-Lower-Denkyira_colu_2012_09,-66.87621,1.8766375,-1.3345978,-1.3586475,23.399244,3.2067134,-9.934781,-2.995403,10.669868,-5.603603
AA0100-C,Twifo_Praso__E3,David Weetman,Ghana,Twifo Praso,2012,9,5.609,-1.5490000000000002,F,AG1000G-GH,3.0,0.968,0.002,gamb_colu,coluzzii,coluzzii,GHA,Central,GH-CP,Twifu Heman/Lower Denkyira,coluzzii,GH-CP_colu_2012,GH-CP_colu_2012_09,GH-CP_Twifu-Heman-Lower-Denkyira_colu_2012,GH-CP_Twifu-Heman-Lower-Denkyira_colu_2012_09,-68.94277,2.5122015,-0.22905923,-0.030860055,27.986578,4.7813888,-15.306815,3.5047755,1.2886837,34.902092
AA0077-C,Twifo_Praso__C4,David Weetman,Ghana,Twifo Praso,2012,9,5.609,-1.5490000000000002,F,AG1000G-GH,3.0,0.977,0.002,gamb_colu,coluzzii,coluzzii,GHA,Central,GH-CP,Twifu Heman/Lower Denkyira,coluzzii,GH-CP_colu_2012,GH-CP_colu_2012_09,GH-CP_Twifu-Heman-Lower-Denkyira_colu_2012,GH-CP_Twifu-Heman-Lower-Denkyira_colu_2012_09,-68.082405,1.3531464,0.7754326,-1.593956,30.09344,2.5548172,-42.965084,14.037714,23.658138,-35.00167
AA0055-C,Takoradi_B9,David Weetman,Ghana,Takoradi,2012,8,4.912,-1.774,F,AG1000G-GH,3.0,0.977,0.002,gamb_colu,coluzzii,coluzzii,GHA,Western,GH-WP,Shama Ahanta East,coluzzii,GH-WP_colu_2012,GH-WP_colu_2012_08,GH-WP_Shama-Ahanta-East_colu_2012,GH-WP_Shama-Ahanta-East_colu_2012_08,-75.37323,2.3141165,0.16374265,0.55836713,42.71707,6.863722,-167.3086,18.891363,20.836918,43.550266
AA0116-C,Takoradi_F11,David Weetman,Ghana,Takoradi,2012,8,4.912,-1.774,F,AG1000G-GH,3.0,0.978,0.002,gamb_colu,coluzzii,coluzzii,GHA,Western,GH-WP,Shama Ahanta East,coluzzii,GH-WP_colu_2012,GH-WP_colu_2012_08,GH-WP_Shama-Ahanta-East_colu_2012,GH-WP_Shama-Ahanta-East_colu_2012_08,-71.76953,2.1577766,-1.1800504,-5.9325004,19.56227,9.761606,-37.70472,-5.1021004,54.33495,0.3559999
AA0059-C,Koforidua_F5,David Weetman,Ghana,Koforidua,2012,11,6.093999999999999,-0.261,F,AG1000G-GH,3.0,0.057,0.002,gamb_colu,gambiae,gambiae,GHA,Eastern,GH-EP,New Juaben,gambiae,GH-EP_gamb_2012,GH-EP_gamb_2012_11,GH-EP_New-Juaben_gamb_2012,GH-EP_New-Juaben_gamb_2012_11,163.33012,-186.53085,332.5798,-219.74487,13.690753,10.473989,3.2831907,30.5528,-1.1644439,-15.507236
AA0084-C,Madina_A2,David Weetman,Ghana,Madina_West,2012,11,5.667999999999999,-0.21899999999999997,F,AG1000G-GH,3.0,0.026000000000000002,0.002,gamb_colu,gambiae,gambiae,GHA,Greater Accra,GH-AA,Ga East,gambiae,GH-AA_gamb_2012,GH-AA_gamb_2012_11,GH-AA_Ga-East_gamb_2012,GH-AA_Ga-East_gamb_2012_11,146.53969,-1.4414676,4.8579907,103.11694,-13.280159,313.35895,3.7588396,2.984931,-4.9012494,-43.351494
AA0066-C,Takoradi_G7,David Weetman,Ghana,Takoradi,2012,8,4.912,-1.774,F,AG1000G-GH,3.0,0.965,0.002,gamb_colu,coluzzii,coluzzii,GHA,Western,GH-WP,Shama Ahanta East,coluzzii,GH-WP_colu_2012,GH-WP_colu_2012_08,GH-WP_Shama-Ahanta-East_colu_2012,GH-WP_Shama-Ahanta-East_colu_2012_08,-71.069435,-1.4027406,1.7201931,-3.0621333,15.557497,6.5873184,-11.36697,13.898802,0.1946527,-5.178267
AA0106-C,Koforidua_G4,David Weetman,Ghana,Koforidua,2012,11,6.093999999999999,-0.261,F,AG1000G-GH,3.0,0.036000000000000004,0.002,gamb_colu,gambiae,gambiae,GHA,Eastern,GH-EP,New Juaben,gambiae,GH-EP_gamb_2012,GH-EP_gamb_2012_11,GH-EP_New-Juaben_gamb_2012,GH-EP_New-Juaben_gamb_2012_11,172.57588,316.00165,-20.887388,-178.98741,11.576061,14.003612,-4.041792,-32.931473,-6.074236,-0.13293631
AA0107-C,Koforidua_D6,David Weetman,Ghana,Koforidua,2012,11,6.093999999999999,-0.261,F,AG1000G-GH,3.0,0.975,0.002,gamb_colu,coluzzii,coluzzii,GHA,Eastern,GH-EP,New Juaben,coluzzii,GH-EP_colu_2012,GH-EP_colu_2012_11,GH-EP_New-Juaben_colu_2012,GH-EP_New-Juaben_colu_2012_11,-70.52751,3.811776,-0.32003295,-2.9677124,26.190653,5.749103,-46.757603,0.87974054,0.51379925,37.839924
AA0060-C,Madina_C1,David Weetman,Ghana,Madina_West,2012,11,5.667999999999999,-0.21899999999999997,F,AG1000G-GH,3.0,0.024,0.002,gamb_colu,gambiae,gambiae,GHA,Greater Accra,GH-AA,Ga East,gambiae,GH-AA_gamb_2012,GH-AA_gamb_2012_11,GH-AA_Ga-East_gamb_2012,GH-AA_Ga-East_gamb_2012_11,128.20288,-6.1844196,22.068153,62.542686,-4.5370526,47.088173,8.360923,-45.307865,8.127734,108.80015
AA0051-C,Twifo_Praso__C1,David Weetman,Ghana,Twifo Praso,2012,9,5.609,-1.5490000000000002,F,AG1000G-GH,3.0,0.971,0.002,gamb_colu,coluzzii,coluzzii,GHA,Central,GH-CP,Twifu Heman/Lower Denkyira,coluzzii,GH-CP_colu_2012,GH-CP_colu_2012_09,GH-CP_Twifu-Heman-Lower-Denkyira_colu_2012,GH-CP_Twifu-Heman-Lower-Denkyira_colu_2012_09,-67.0349,0.007757964,-1.1562191,-0.58321726,27.104254,-4.347025,-19.638319,-9.795244,-25.148155,12.834317
AA0087-C,Twifo_Praso__H1,David Weetman,Ghana,Twifo Praso,2012,9,5.609,-1.5490000000000002,F,AG1000G-GH,3.0,0.977,0.002,gamb_colu,coluzzii,coluzzii,GHA,Central,GH-CP,Twifu Heman/Lower Denkyira,coluzzii,GH-CP_colu_2012,GH-CP_colu_2012_09,GH-CP_Twifu-Heman-Lower-Denkyira_colu_2012,GH-CP_Twifu-Heman-Lower-Denkyira_colu_2012_09,-72.028336,-0.24112232,0.067690164,-5.040157,17.742367,-1.5818332,-1.447548,-10.283767,-4.6247253,-35.20563
AA0065-C,Twifo_Praso__B4,David Weetman,Ghana,Twifo Praso,2012,9,5.609,-1.5490000000000002,F,AG1000G-GH,3.0,0.975,0.002,gamb_colu,coluzzii,coluzzii,GHA,Central,GH-CP,Twifu Heman/Lower Denkyira,coluzzii,GH-CP_colu_2012,GH-CP_colu_2012_09,GH-CP_Twifu-Heman-Lower-Denkyira_colu_2012,GH-CP_Twifu-Heman-Lower-Denkyira_colu_2012_09,-66.15499,4.674165,4.1431246,-5.618066,16.0762,4.5284505,-20.864792,28.305546,-33.236446,-19.280996
AA0125-C,Twifo_Praso__A5,David Weetman,Ghana,Twifo Praso,2012,9,5.609,-1.5490000000000002,F,AG1000G-GH,3.0,0.972,0.002,gamb_colu,coluzzii,coluzzii,GHA,Central,GH-CP,Twifu Heman/Lower Denkyira,coluzzii,GH-CP_colu_2012,GH-CP_colu_2012_09,GH-CP_Twifu-Heman-Lower-Denkyira_colu_2012,GH-CP_Twifu-Heman-Lower-Denkyira_colu_2012_09,-66.19359,1.8838825,-1.7596599,0.23786983,31.193478,-11.66002,-38.776627,1.6423918,-23.044168,1.9132092
AA0104-C,Takoradi_E11,David Weetman,Ghana,Takoradi,2012,8,4.912,-1.774,F,AG1000G-GH,3.0,0.97,0.002,gamb_colu,coluzzii,coluzzii,GHA,Western,GH-WP,Shama Ahanta East,coluzzii,GH-WP_colu_2012,GH-WP_colu_2012_08,GH-WP_Shama-Ahanta-East_colu_2012,GH-WP_Shama-Ahanta-East_colu_2012_08,-71.46593,0.27820995,-1.111801,-5.3651843,22.186386,10.491267,-88.38767,7.896923,16.597942,13.61463
AA0119-C,Koforidua_E6,David Weetman,Ghana,Koforidua,2012,11,6.093999999999999,-0.261,F,AG1000G-GH,3.0,0.02,0.002,gamb_colu,gambiae,gambiae,GHA,Eastern,GH-EP,New Juaben,gambiae,GH-EP_gamb_2012,GH-EP_gamb_2012_11,GH-EP_New-Juaben_gamb_2012,GH-EP_New-Juaben_gamb_2012_11,105.52892,-8.145731,-9.594286,84.32754,-8.7352495,-28.732473,-9.4955635,87.159134,1.8221132,3.2612884
AA0061-C,Madina_F3,David Weetman,Ghana,Madina_West,2012,11,5.667999999999999,-0.21899999999999997,F,AG1000G-GH,3.0,0.028999999999999998,0.002,gamb_colu,gambiae,gambiae,GHA,Greater Accra,GH-AA,Ga East,gambiae,GH-AA_gamb_2012,GH-AA_gamb_2012_11,GH-AA_Ga-East_gamb_2012,GH-AA_Ga-East_gamb_2012_11,123.334045,-14.174389,-2.4263215,91.02947,-10.005791,290.6305,1.87686,-8.814329,12.245482,40.21097
AA0098-C,Madina_A6,David Weetman,Ghana,Madina_West,2012,11,5.667999999999999,-0.21899999999999997,F,AG1000G-GH,3.0,0.976,0.002,gamb_colu,coluzzii,coluzzii,GHA,Greater Accra,GH-AA,Ga East,coluzzii,GH-AA_colu_2012,GH-AA_colu_2012_11,GH-AA_Ga-East_colu_2012,GH-AA_Ga-East_colu_2012_11,-88.892235,4.1251807,2.5884833,-33.426327,-332.16983,0.6209613,-35.7755,-0.8776566,4.927628,10.364637
AA0112-C,Twifo_Praso__F3,David Weetman,Ghana,Twifo Praso,2012,9,5.609,-1.5490000000000002,F,AG1000G-GH,3.0,0.961,0.003,gamb_colu,coluzzii,coluzzii,GHA,Central,GH-CP,Twifu Heman/Lower Denkyira,coluzzii,GH-CP_colu_2012,GH-CP_colu_2012_09,GH-CP_Twifu-Heman-Lower-Denkyira_colu_2012,GH-CP_Twifu-Heman-Lower-Denkyira_colu_2012_09,-69.78458,0.19752538,2.7173316,-4.1840262,18.38417,2.748974,-9.837588,9.633911,-28.466421,-46.308243
AA0089-C,Twifo_Praso__D4,David Weetman,Ghana,Twifo Praso,2012,9,5.609,-1.5490000000000002,F,AG1000G-GH,3.0,0.963,0.002,gamb_colu,coluzzii,coluzzii,GHA,Central,GH-CP,Twifu Heman/Lower Denkyira,coluzzii,GH-CP_colu_2012,GH-CP_colu_2012_09,GH-CP_Twifu-Heman-Lower-Denkyira_colu_2012,GH-CP_Twifu-Heman-Lower-Denkyira_colu_2012_09,-71.05286,4.3761687,-1.5146291,-3.8561778,17.751953,10.232287,-3.8991194,-5.1134853,19.18876,-47.55601
AA0101-C,Twifo_Praso__E4,David Weetman,Ghana,Twifo Praso,2012,9,5.609,-1.5490000000000002,F,AG1000G-GH,3.0,0.961,0.002,gamb_colu,coluzzii,coluzzii,GHA,Central,GH-CP,Twifu Heman/Lower Denkyira,coluzzii,GH-CP_colu_2012,GH-CP_colu_2012_09,GH-CP_Twifu-Heman-Lower-Denkyira_colu_2012,GH-CP_Twifu-Heman-Lower-Denkyira_colu_2012_09,-71.25532,2.9170291,-0.59503704,-3.210397,26.115187,2.997085,-72.20772,4.657386,-26.21952,43.44176
AA0113-C,Twifo_Praso__H4,David Weetman,Ghana,Twifo Praso,2012,9,5.609,-1.5490000000000002,F,AG1000G-GH,3.0,0.9640000000000001,0.002,gamb_colu,coluzzii,coluzzii,GHA,Central,GH-CP,Twifu Heman/Lower Denkyira,coluzzii,GH-CP_colu_2012,GH-CP_colu_2012_09,GH-CP_Twifu-Heman-Lower-Denkyira_colu_2012,GH-CP_Twifu-Heman-Lower-Denkyira_colu_2012_09,-73.23309,1.6382557,5.046925,-5.5507097,24.878273,2.3112001,2.4675565,7.493644,-13.614361,-22.191656
AA0044-C,Takoradi_D10,David Weetman,Ghana,Takoradi,2012,8,4.912,-1.774,F,AG1000G-GH,3.0,0.972,0.002,gamb_colu,coluzzii,coluzzii,GHA,Western,GH-WP,Shama Ahanta East,coluzzii,GH-WP_colu_2012,GH-WP_colu_2012_08,GH-WP_Shama-Ahanta-East_colu_2012,GH-WP_Shama-Ahanta-East_colu_2012_08,-76.89176,2.4950738,1.5302619,-5.994911,26.036825,-11.744009,28.311562,14.969761,-27.047184,3.7662578
AA0105-C,Koforidua_D3,David Weetman,Ghana,Koforidua,2012,11,6.093999999999999,-0.261,F,AG1000G-GH,3.0,0.024,0.002,gamb_colu,gambiae,gambiae,GHA,Eastern,GH-EP,New Juaben,gambiae,GH-EP_gamb_2012,GH-EP_gamb_2012_11,GH-EP_New-Juaben_gamb_2012,GH-EP_New-Juaben_gamb_2012_11,119.388916,-14.725878,8.9004965,51.240604,-2.9246125,-38.362434,5.4337525,-101.29099,7.7618914,127.844
AA0070-C,Koforidua_B4,David Weetman,Ghana,Koforidua,2012,11,6.093999999999999,-0.261,F,AG1000G-GH,3.0,0.019,0.002,gamb_colu,gambiae,gambiae,GHA,Eastern,GH-EP,New Juaben,gambiae,GH-EP_gamb_2012,GH-EP_gamb_2012_11,GH-EP_New-Juaben_gamb_2012,GH-EP_New-Juaben_gamb_2012_11,175.34283,-186.61818,331.4131,-211.20905,15.381785,13.085427,-3.600775,-5.047193,2.8363082,17.770798
AA0075-C,Twifo_Praso__F1,David Weetman,Ghana,Twifo Praso,2012,9,5.609,-1.5490000000000002,F,AG1000G-GH,3.0,0.972,0.002,gamb_colu,coluzzii,coluzzii,GHA,Central,GH-CP,Twifu Heman/Lower Denkyira,coluzzii,GH-CP_colu_2012,GH-CP_colu_2012_09,GH-CP_Twifu-Heman-Lower-Denkyira_colu_2012,GH-CP_Twifu-Heman-Lower-Denkyira_colu_2012_09,-68.04785,-2.0503106,1.5645245,-3.4299932,11.362969,0.68032354,47.476025,-7.990879,-38.19076,104.601
AA0041-C,Twifo_Praso__H3,David Weetman,Ghana,Twifo Praso,2012,9,5.609,-1.5490000000000002,F,AG1000G-GH,3.0,0.973,0.002,gamb_colu,coluzzii,coluzzii,GHA,Central,GH-CP,Twifu Heman/Lower Denkyira,coluzzii,GH-CP_colu_2012,GH-CP_colu_2012_09,GH-CP_Twifu-Heman-Lower-Denkyira_colu_2012,GH-CP_Twifu-Heman-Lower-Denkyira_colu_2012_09,-71.128784,0.41435683,1.6656408,-1.2951573,24.469435,3.6473246,-78.03021,14.347832,-27.684332,39.53612
AA0042-C,Takoradi_C7,David Weetman,Ghana,Takoradi,2012,8,4.912,-1.774,F,AG1000G-GH,3.0,0.9740000000000001,0.002,gamb_colu,coluzzii,coluzzii,GHA,Western,GH-WP,Shama Ahanta East,coluzzii,GH-WP_colu_2012,GH-WP_colu_2012_08,GH-WP_Shama-Ahanta-East_colu_2012,GH-WP_Shama-Ahanta-East_colu_2012_08,-68.77772,1.3745209,0.43498546,-7.4718876,22.274181,6.761354,-25.726301,9.942184,27.62046,-25.235273
AA0114-C,Takoradi_F8,David Weetman,Ghana,Takoradi,2012,8,4.912,-1.774,F,AG1000G-GH,3.0,0.977,0.002,gamb_colu,coluzzii,coluzzii,GHA,Western,GH-WP,Shama Ahanta East,coluzzii,GH-WP_colu_2012,GH-WP_colu_2012_08,GH-WP_Shama-Ahanta-East_colu_2012,GH-WP_Shama-Ahanta-East_colu_2012_08,-73.434586,1.661324,1.9678549,-6.5019197,10.309397,11.934273,3.695598,-8.6847315,0.44047555,-4.8149343
AA0126-C,Takoradi_G8,David Weetman,Ghana,Takoradi,2012,8,4.912,-1.774,F,AG1000G-GH,3.0,0.955,0.002,gamb_colu,coluzzii,coluzzii,GHA,Western,GH-WP,Shama Ahanta East,coluzzii,GH-WP_colu_2012,GH-WP_colu_2012_08,GH-WP_Shama-Ahanta-East_colu_2012,GH-WP_Shama-Ahanta-East_colu_2012_08,-71.34659,0.1691433,-4.0485835,-3.861914,14.726149,2.477497,-28.719658,-6.36809,-35.203873,19.197378
AA0093-C,Koforidua_C3,David Weetman,Ghana,Koforidua,2012,11,6.093999999999999,-0.261,F,AG1000G-GH,3.0,0.026000000000000002,0.002,gamb_colu,gambiae,gambiae,GHA,Eastern,GH-EP,New Juaben,gambiae,GH-EP_gamb_2012,GH-EP_gamb_2012_11,GH-EP_New-Juaben_gamb_2012,GH-EP_New-Juaben_gamb_2012_11,121.11452,-15.476997,-33.46414,28.534498,-6.805573,-62.068405,-9.563707,-39.808197,5.1958146,-15.318898
AA0123-C,Twifo_Praso__D2,David Weetman,Ghana,Twifo Praso,2012,9,5.609,-1.5490000000000002,F,AG1000G-GH,3.0,0.968,0.002,gamb_colu,coluzzii,coluzzii,GHA,Central,GH-CP,Twifu Heman/Lower Denkyira,coluzzii,GH-CP_colu_2012,GH-CP_colu_2012_09,GH-CP_Twifu-Heman-Lower-Denkyira_colu_2012,GH-CP_Twifu-Heman-Lower-Denkyira_colu_2012_09,-72.74379,1.8882151,1.1346838,-2.989748,19.540974,-0.99399394,88.03331,13.769365,-245.84886,-37.35432
AA0054-C,Takoradi_E7,David Weetman,Ghana,Takoradi,2012,8,4.912,-1.774,F,AG1000G-GH,3.0,0.975,0.002,gamb_colu,coluzzii,coluzzii,GHA,Western,GH-WP,Shama Ahanta East,coluzzii,GH-WP_colu_2012,GH-WP_colu_2012_08,GH-WP_Shama-Ahanta-East_colu_2012,GH-WP_Shama-Ahanta-East_colu_2012_08,-65.89983,-0.3759554,1.8450879,0.5979412,31.576931,2.945512,-34.309563,18.782364,22.000921,-50.24609
AA0128-C,Takoradi_H11,David Weetman,Ghana,Takoradi,2012,8,4.912,-1.774,F,AG1000G-GH,3.0,0.976,0.002,gamb_colu,coluzzii,coluzzii,GHA,Western,GH-WP,Shama Ahanta East,coluzzii,GH-WP_colu_2012,GH-WP_colu_2012_08,GH-WP_Shama-Ahanta-East_colu_2012,GH-WP_Shama-Ahanta-East_colu_2012_08,-66.28173,1.2170408,-0.24377756,-3.3061054,22.504417,3.8232422,-16.44514,5.7602396,-10.876134,-1.1283824
AA0129-C,Koforidua_F3,David Weetman,Ghana,Koforidua,2012,11,6.093999999999999,-0.261,F,AG1000G-GH,3.0,0.022000000000000002,0.002,gamb_colu,gambiae,gambiae,GHA,Eastern,GH-EP,New Juaben,gambiae,GH-EP_gamb_2012,GH-EP_gamb_2012_11,GH-EP_New-Juaben_gamb_2012,GH-EP_New-Juaben_gamb_2012_11,126.28623,-19.624107,-2.9220853,57.620182,-4.799816,-60.86341,-10.381393,-168.69063,-5.4369993,74.25789
AA0094-C,Koforidua_E4,David Weetman,Ghana,Koforidua,2012,11,6.093999999999999,-0.261,F,AG1000G-GH,3.0,0.057999999999999996,0.002,gamb_colu,gambiae,gambiae,GHA,Eastern,GH-EP,New Juaben,gambiae,GH-EP_gamb_2012,GH-EP_gamb_2012_11,GH-EP_New-Juaben_gamb_2012,GH-EP_New-Juaben_gamb_2012_11,98.843346,-24.424425,21.121094,27.769361,-5.4718513,-12.393633,27.077942,48.079655,-14.348683,-59.232952
AA0118-C,Koforidua_B5,David Weetman,Ghana,Koforidua,2012,11,6.093999999999999,-0.261,F,AG1000G-GH,3.0,0.024,0.002,gamb_colu,gambiae,gambiae,GHA,Eastern,GH-EP,New Juaben,gambiae,GH-EP_gamb_2012,GH-EP_gamb_2012_11,GH-EP_New-Juaben_gamb_2012,GH-EP_New-Juaben_gamb_2012_11,108.346176,-12.40975,-11.792994,54.27849,-6.8560963,-67.66023,-6.9241943,-40.20745,-1.2840859,31.585009
AA0071-C,Koforidua_G5,David Weetman,Ghana,Koforidua,2012,11,6.093999999999999,-0.261,F,AG1000G-GH,3.0,0.064,0.002,gamb_colu,gambiae,gambiae,GHA,Eastern,GH-EP,New Juaben,gambiae,GH-EP_gamb_2012,GH-EP_gamb_2012_11,GH-EP_New-Juaben_gamb_2012,GH-EP_New-Juaben_gamb_2012_11,102.24808,0.37380254,-8.001291,14.0963955,-2.9038005,-42.286644,-5.6714244,-51.325977,-10.040105,2.9440506
AA0097-C,Madina_E4,David Weetman,Ghana,Madina_West,2012,11,5.667999999999999,-0.21899999999999997,F,AG1000G-GH,3.0,0.981,0.002,gamb_colu,coluzzii,coluzzii,GHA,Greater Accra,GH-AA,Ga East,coluzzii,GH-AA_colu_2012,GH-AA_colu_2012_11,GH-AA_Ga-East_colu_2012,GH-AA_Ga-East_colu_2012_11,-74.03638,3.0920918,-0.4079483,-1.624522,9.07674,-5.026748,88.29947,-20.570562,70.77252,32.386353
AA0092-C,Takoradi_C11,David Weetman,Ghana,Takoradi,2012,8,4.912,-1.774,F,AG1000G-GH,3.0,0.9740000000000001,0.002,gamb_colu,coluzzii,coluzzii,GHA,Western,GH-WP,Shama Ahanta East,coluzzii,GH-WP_colu_2012,GH-WP_colu_2012_08,GH-WP_Shama-Ahanta-East_colu_2012,GH-WP_Shama-Ahanta-East_colu_2012_08,-76.27495,2.9122481,1.0914676,-8.411995,34.4302,-0.8168913,-92.15023,1.0707955,28.441256,24.699137
AA0047-C,Koforidua_D5,David Weetman,Ghana,Koforidua,2012,11,6.093999999999999,-0.261,F,AG1000G-GH,3.0,0.027000000000000003,0.002,gamb_colu,gambiae,gambiae,GHA,Eastern,GH-EP,New Juaben,gambiae,GH-EP_gamb_2012,GH-EP_gamb_2012_11,GH-EP_New-Juaben_gamb_2012,GH-EP_New-Juaben_gamb_2012_11,119.860306,11.464893,-6.2008543,42.817924,-4.297165,-56.06869,1.8495893,51.440216,18.972025,43.645832
AA0141-C,Madina_H6,David Weetman,Ghana,Madina_West,2012,11,5.667999999999999,-0.21899999999999997,F,AG1000G-GH,3.0,0.9640000000000001,0.002,gamb_colu,coluzzii,coluzzii,GHA,Greater Accra,GH-AA,Ga East,coluzzii,GH-AA_colu_2012,GH-AA_colu_2012_11,GH-AA_Ga-East_colu_2012,GH-AA_Ga-East_colu_2012_11,-69.08429,3.6141536,1.5898154,-4.7944646,-1.9112166,-2.1879008,155.4581,-10.53191,-18.012503,4.503281
AA0039-C,Twifo_Praso__B1,David Weetman,Ghana,Twifo Praso,2012,9,5.609,-1.5490000000000002,F,AG1000G-GH,3.0,0.977,0.002,gamb_colu,coluzzii,coluzzii,GHA,Central,GH-CP,Twifu Heman/Lower Denkyira,coluzzii,GH-CP_colu_2012,GH-CP_colu_2012_09,GH-CP_Twifu-Heman-Lower-Denkyira_colu_2012,GH-CP_Twifu-Heman-Lower-Denkyira_colu_2012_09,-65.16966,0.82313395,2.584631,-4.600146,25.004118,-0.074073724,-2.7702801,5.553089,12.80703,-40.770958
AA0046-C,Koforidua_G3,David Weetman,Ghana,Koforidua,2012,11,6.093999999999999,-0.261,F,AG1000G-GH,3.0,0.027999999999999997,0.002,gamb_colu,gambiae,gambiae,GHA,Eastern,GH-EP,New Juaben,gambiae,GH-EP_gamb_2012,GH-EP_gamb_2012_11,GH-EP_New-Juaben_gamb_2012,GH-EP_New-Juaben_gamb_2012_11,193.31328,346.78738,-18.036139,-194.35373,12.43312,7.0008793,0.5984346,-7.494031,1.0153095,-1.1458924
AA0095-C,Koforidua_C6,David Weetman,Ghana,Koforidua,2012,11,6.093999999999999,-0.261,F,AG1000G-GH,3.0,0.023,0.002,gamb_colu,gambiae,gambiae,GHA,Eastern,GH-EP,New Juaben,gambiae,GH-EP_gamb_2012,GH-EP_gamb_2012_11,GH-EP_New-Juaben_gamb_2012,GH-EP_New-Juaben_gamb_2012_11,108.36497,-10.863405,-14.978976,63.51206,-10.169021,-57.27375,13.7272625,69.5605,3.8004143,32.29632
AA0120-C,Madina_C3,David Weetman,Ghana,Madina_West,2012,11,5.667999999999999,-0.21899999999999997,F,AG1000G-GH,3.0,0.9640000000000001,0.002,gamb_colu,coluzzii,coluzzii,GHA,Greater Accra,GH-AA,Ga East,coluzzii,GH-AA_colu_2012,GH-AA_colu_2012_11,GH-AA_Ga-East_colu_2012,GH-AA_Ga-East_colu_2012_11,-76.14481,2.4946544,-0.06569144,-7.4947333,-37.659176,1.6076092,32.501957,-7.3501987,16.416353,-37.77639
AA0076-C,Twifo_Praso__B3,David Weetman,Ghana,Twifo Praso,2012,9,5.609,-1.5490000000000002,F,AG1000G-GH,3.0,0.977,0.002,gamb_colu,coluzzii,coluzzii,GHA,Central,GH-CP,Twifu Heman/Lower Denkyira,coluzzii,GH-CP_colu_2012,GH-CP_colu_2012_09,GH-CP_Twifu-Heman-Lower-Denkyira_colu_2012,GH-CP_Twifu-Heman-Lower-Denkyira_colu_2012_09,-68.74707,-0.03268427,-1.7839793,-4.995713,17.49243,6.5996246,-8.982132,-18.968426,39.84377,-54.543606
AA0043-C,Takoradi_H8,David Weetman,Ghana,Takoradi,2012,8,4.912,-1.774,F,AG1000G-GH,3.0,0.968,0.002,gamb_colu,coluzzii,coluzzii,GHA,Western,GH-WP,Shama Ahanta East,coluzzii,GH-WP_colu_2012,GH-WP_colu_2012_08,GH-WP_Shama-Ahanta-East_colu_2012,GH-WP_Shama-Ahanta-East_colu_2012_08,-67.08934,0.45159608,2.2131493,-0.6122568,12.877787,5.3763437,0.6131573,16.218765,-8.494792,-18.199684
AA0127-C,Takoradi_C10,David Weetman,Ghana,Takoradi,2012,8,4.912,-1.774,F,AG1000G-GH,3.0,0.968,0.002,gamb_colu,coluzzii,coluzzii,GHA,Western,GH-WP,Shama Ahanta East,coluzzii,GH-WP_colu_2012,GH-WP_colu_2012_08,GH-WP_Shama-Ahanta-East_colu_2012,GH-WP_Shama-Ahanta-East_colu_2012_08,-73.59793,1.8810674,2.7564793,-2.888383,23.432959,-0.20293516,-91.94332,6.297153,-52.663986,16.414486
AA0069-C,Koforidua_F2,David Weetman,Ghana,Koforidua,2012,11,6.093999999999999,-0.261,F,AG1000G-GH,3.0,0.019,0.002,gamb_colu,gambiae,gambiae,GHA,Eastern,GH-EP,New Juaben,gambiae,GH-EP_gamb_2012,GH-EP_gamb_2012_11,GH-EP_New-Juaben_gamb_2012,GH-EP_New-Juaben_gamb_2012_11,155.03459,-214.68703,-326.00732,-205.42552,11.57222,17.668974,1.0179256,8.224964,1.5576056,0.40125254
AA0049-C,Madina_E3,David Weetman,Ghana,Madina_West,2012,11,5.667999999999999,-0.21899999999999997,F,AG1000G-GH,3.0,0.968,0.002,gamb_colu,coluzzii,coluzzii,GHA,Greater Accra,GH-AA,Ga East,coluzzii,GH-AA_colu_2012,GH-AA_colu_2012_11,GH-AA_Ga-East_colu_2012,GH-AA_Ga-East_colu_2012_11,-72.760315,4.7249227,0.6006418,-3.81086,11.725931,9.28366,-7.9975033,-3.1665816,77.39657,26.58331
AA0133-C,Madina_B5,David Weetman,Ghana,Madina_West,2012,11,5.667999999999999,-0.21899999999999997,F,AG1000G-GH,3.0,0.021,0.002,gamb_colu,gambiae,gambiae,GHA,Greater Accra,GH-AA,Ga East,gambiae,GH-AA_gamb_2012,GH-AA_gamb_2012_11,GH-AA_Ga-East_gamb_2012,GH-AA_Ga-East_gamb_2012_11,115.08015,-18.95819,3.6086714,57.288013,-9.786237,-61.17268,-38.468163,-102.96634,-14.001918,-99.501175
AA0110-C,Madina_B6,David Weetman,Ghana,Madina_West,2012,11,5.667999999999999,-0.21899999999999997,F,AG1000G-GH,3.0,0.968,0.002,gamb_colu,coluzzii,coluzzii,GHA,Greater Accra,GH-AA,Ga East,coluzzii,GH-AA_colu_2012,GH-AA_colu_2012_11,GH-AA_Ga-East_colu_2012,GH-AA_Ga-East_colu_2012_11,-85.135605,1.6615609,0.84562933,-28.312794,-271.87692,3.7795854,-7.561529,2.5946774,-8.400283,-29.719519
AA0099-C,Twifo_Praso__A2,David Weetman,Ghana,Twifo Praso,2012,9,5.609,-1.5490000000000002,F,AG1000G-GH,3.0,0.968,0.002,gamb_colu,coluzzii,coluzzii,GHA,Central,GH-CP,Twifu Heman/Lower Denkyira,coluzzii,GH-CP_colu_2012,GH-CP_colu_2012_09,GH-CP_Twifu-Heman-Lower-Denkyira_colu_2012,GH-CP_Twifu-Heman-Lower-Denkyira_colu_2012_09,-73.63497,2.0035734,-0.3397329,-1.3368484,25.669027,1.3465155,-7.8674936,17.156204,-30.76469,6.0646353
AA0111-C,Twifo_Praso__B2,David Weetman,Ghana,Twifo Praso,2012,9,5.609,-1.5490000000000002,F,AG1000G-GH,3.0,0.978,0.002,gamb_colu,coluzzii,coluzzii,GHA,Central,GH-CP,Twifu Heman/Lower Denkyira,coluzzii,GH-CP_colu_2012,GH-CP_colu_2012_09,GH-CP_Twifu-Heman-Lower-Denkyira_colu_2012,GH-CP_Twifu-Heman-Lower-Denkyira_colu_2012_09,-73.70232,3.3993437,0.6333188,0.9183182,20.627872,4.7945733,-24.93646,7.431267,4.844283,47.632435
AA0090-C,Takoradi_D8,David Weetman,Ghana,Takoradi,2012,8,4.912,-1.774,F,AG1000G-GH,3.0,0.978,0.002,gamb_colu,coluzzii,coluzzii,GHA,Western,GH-WP,Shama Ahanta East,coluzzii,GH-WP_colu_2012,GH-WP_colu_2012_08,GH-WP_Shama-Ahanta-East_colu_2012,GH-WP_Shama-Ahanta-East_colu_2012_08,-70.97185,-1.773229,2.2355678,-4.1840925,17.746078,-3.0311282,31.235777,-10.9872265,44.742146,-25.878206
AA0067-C,Takoradi_C9,David Weetman,Ghana,Takoradi,2012,8,4.912,-1.774,F,AG1000G-GH,3.0,0.9740000000000001,0.002,gamb_colu,coluzzii,coluzzii,GHA,Western,GH-WP,Shama Ahanta East,coluzzii,GH-WP_colu_2012,GH-WP_colu_2012_08,GH-WP_Shama-Ahanta-East_colu_2012,GH-WP_Shama-Ahanta-East_colu_2012_08,-73.46021,2.8463116,-1.1361815,-5.5547953,31.154663,11.913862,39.959003,-8.242601,27.675167,-42.071285
AA0117-C,Koforidua_E3,David Weetman,Ghana,Koforidua,2012,11,6.093999999999999,-0.261,F,AG1000G-GH,3.0,0.03,0.002,gamb_colu,gambiae,gambiae,GHA,Eastern,GH-EP,New Juaben,gambiae,GH-EP_gamb_2012,GH-EP_gamb_2012_11,GH-EP_New-Juaben_gamb_2012,GH-EP_New-Juaben_gamb_2012_11,115.25457,1.580399,-3.3795178,58.444393,-9.024155,-51.197655,10.729046,82.4763,30.459734,32.162323
AA0131-C,Koforidua_F6,David Weetman,Ghana,Koforidua,2012,11,6.093999999999999,-0.261,F,AG1000G-GH,3.0,0.024,0.002,gamb_colu,gambiae,gambiae,GHA,Eastern,GH-EP,New Juaben,gambiae,GH-EP_gamb_2012,GH-EP_gamb_2012_11,GH-EP_New-Juaben_gamb_2012,GH-EP_New-Juaben_gamb_2012_11,109.69696,11.000772,-14.537904,45.126225,-4.319812,74.29072,2.5910568,-15.334489,-17.120928,-0.003700803
AA0096-C,Madina_H2,David Weetman,Ghana,Madina_West,2012,11,5.667999999999999,-0.21899999999999997,F,AG1000G-GH,3.0,0.027000000000000003,0.002,gamb_colu,gambiae,gambiae,GHA,Greater Accra,GH-AA,Ga East,gambiae,GH-AA_gamb_2012,GH-AA_gamb_2012_11,GH-AA_Ga-East_gamb_2012,GH-AA_Ga-East_gamb_2012_11,127.456696,20.993328,-4.4956207,64.90227,-11.70629,-9.587531,-0.8561581,120.678696,19.996876,18.933283
AA0053-C,Twifo_Praso__A4,David Weetman,Ghana,Twifo Praso,2012,9,5.609,-1.5490000000000002,F,AG1000G-GH,3.0,0.968,0.002,gamb_colu,coluzzii,coluzzii,GHA,Central,GH-CP,Twifu Heman/Lower Denkyira,coluzzii,GH-CP_colu_2012,GH-CP_colu_2012_09,GH-CP_Twifu-Heman-Lower-Denkyira_colu_2012,GH-CP_Twifu-Heman-Lower-Denkyira_colu_2012_09,-71.48918,4.6881957,0.8334856,-1.9575689,19.21472,4.6506023,-43.830086,7.139127,7.9751267,11.616334
AA0102-C,Takoradi_E8,David Weetman,Ghana,Takoradi,2012,8,4.912,-1.774,F,AG1000G-GH,3.0,0.965,0.002,gamb_colu,coluzzii,coluzzii,GHA,Western,GH-WP,Shama Ahanta East,coluzzii,GH-WP_colu_2012,GH-WP_colu_2012_08,GH-WP_Shama-Ahanta-East_colu_2012,GH-WP_Shama-Ahanta-East_colu_2012_08,-72.01313,1.8411069,-1.7435533,-7.005522,-0.82985973,-0.6239984,29.938639,-9.098705,45.78589,29.120752
AA0130-C,Koforidua_C5,David Weetman,Ghana,Koforidua,2012,11,6.093999999999999,-0.261,F,AG1000G-GH,3.0,0.021,0.002,gamb_colu,gambiae,gambiae,GHA,Eastern,GH-EP,New Juaben,gambiae,GH-EP_gamb_2012,GH-EP_gamb_2012_11,GH-EP_New-Juaben_gamb_2012,GH-EP_New-Juaben_gamb_2012_11,116.75166,-13.042044,1.5312287,43.72041,-3.6530237,-11.411368,7.003481,-51.58077,7.69776,70.554344
AA0132-C,Madina_D3,David Weetman,Ghana,Madina_West,2012,11,5.667999999999999,-0.21899999999999997,F,AG1000G-GH,3.0,0.966,0.002,gamb_colu,coluzzii,coluzzii,GHA,Greater Accra,GH-AA,Ga East,coluzzii,GH-AA_colu_2012,GH-AA_colu_2012_11,GH-AA_Ga-East_colu_2012,GH-AA_Ga-East_colu_2012_11,-73.494194,0.6407961,2.6979105,-7.541558,13.344023,-6.292773,99.54057,-16.722992,18.075647,-48.67636
AA0085-C,Madina_A4,David Weetman,Ghana,Madina_West,2012,11,5.667999999999999,-0.21899999999999997,F,AG1000G-GH,3.0,0.026000000000000002,0.002,gamb_colu,gambiae,gambiae,GHA,Greater Accra,GH-AA,Ga East,gambiae,GH-AA_gamb_2012,GH-AA_gamb_2012_11,GH-AA_Ga-East_gamb_2012,GH-AA_Ga-East_gamb_2012_11,133.00647,12.404516,-3.5848427,73.69178,-12.727008,-66.14983,20.900747,183.81113,42.390385,32.80619
AA0048-C,Madina_A1,David Weetman,Ghana,Madina_West,2012,11,5.667999999999999,-0.21899999999999997,F,AG1000G-GH,3.0,0.022000000000000002,0.002,gamb_colu,gambiae,gambiae,GHA,Greater Accra,GH-AA,Ga East,gambiae,GH-AA_gamb_2012,GH-AA_gamb_2012_11,GH-AA_Ga-East_gamb_2012,GH-AA_Ga-East_gamb_2012_11,132.24635,-8.553883,17.676716,51.859726,-9.1487255,-45.100925,4.640873,68.20589,26.607506,49.40555
AA0056-C,Takoradi_G10,David Weetman,Ghana,Takoradi,2012,8,4.912,-1.774,F,AG1000G-GH,3.0,0.971,0.002,gamb_colu,coluzzii,coluzzii,GHA,Western,GH-WP,Shama Ahanta East,coluzzii,GH-WP_colu_2012,GH-WP_colu_2012_08,GH-WP_Shama-Ahanta-East_colu_2012,GH-WP_Shama-Ahanta-East_colu_2012_08,-69.91577,-0.30369285,1.9410093,-5.9869576,14.739226,9.54542,5.784705,-3.5922053,40.244225,-45.487198
AA0068-C,Takoradi_H10,David Weetman,Ghana,Takoradi,2012,8,4.912,-1.774,F,AG1000G-GH,3.0,0.9740000000000001,0.002,gamb_colu,coluzzii,coluzzii,GHA,Western,GH-WP,Shama Ahanta East,coluzzii,GH-WP_colu_2012,GH-WP_colu_2012_08,GH-WP_Shama-Ahanta-East_colu_2012,GH-WP_Shama-Ahanta-East_colu_2012_08,-75.0709,2.0586607,0.1863905,-4.0937424,32.95963,-3.2134123,-93.6513,16.238575,15.093654,8.993331
AA0058-C,Koforidua_A4,David Weetman,Ghana,Koforidua,2012,11,6.093999999999999,-0.261,F,AG1000G-GH,3.0,0.025,0.002,gamb_colu,gambiae,gambiae,GHA,Eastern,GH-EP,New Juaben,gambiae,GH-EP_gamb_2012,GH-EP_gamb_2012_11,GH-EP_New-Juaben_gamb_2012,GH-EP_New-Juaben_gamb_2012_11,108.639496,-17.690939,-2.8418825,52.724533,-3.7091818,-40.09441,-4.1535983,-8.227842,-6.8909464,27.15677
AA0073-C,Madina_H3,David Weetman,Ghana,Madina_West,2012,11,5.667999999999999,-0.21899999999999997,F,AG1000G-GH,3.0,0.966,0.002,gamb_colu,coluzzii,coluzzii,GHA,Greater Accra,GH-AA,Ga East,coluzzii,GH-AA_colu_2012,GH-AA_colu_2012_11,GH-AA_Ga-East_colu_2012,GH-AA_Ga-East_colu_2012_11,-73.5364,0.07247448,-0.8686503,-5.3394904,4.1193595,-3.3832216,50.949245,-17.917856,24.25731,30.37899
AA0062-C,Madina_F5,David Weetman,Ghana,Madina_West,2012,11,5.667999999999999,-0.21899999999999997,F,AG1000G-GH,3.0,0.024,0.002,gamb_colu,gambiae,gambiae,GHA,Greater Accra,GH-AA,Ga East,gambiae,GH-AA_gamb_2012,GH-AA_gamb_2012_11,GH-AA_Ga-East_gamb_2012,GH-AA_Ga-East_gamb_2012_11,128.64851,-18.83864,13.815206,53.15342,-1.7883757,-47.697636,-41.59986,-120.16856,-26.000637,-87.32379
AA0074-C,Madina_G5,David Weetman,Ghana,Madina_West,2012,11,5.667999999999999,-0.21899999999999997,F,AG1000G-GH,3.0,0.968,0.002,gamb_colu,coluzzii,coluzzii,GHA,Greater Accra,GH-AA,Ga East,coluzzii,GH-AA_colu_2012,GH-AA_colu_2012_11,GH-AA_Ga-East_colu_2012,GH-AA_Ga-East_colu_2012_11,-70.90727,1.7847133,-2.8193142,-4.4071674,-0.16173883,-12.329674,90.69142,-22.376606,44.505383,72.679276
AA0138-C,Madina_E6,David Weetman,Ghana,Madina_West,2012,11,5.667999999999999,-0.21899999999999997,F,AG1000G-GH,3.0,0.975,0.002,gamb_colu,coluzzii,coluzzii,GHA,Greater Accra,GH-AA,Ga East,coluzzii,GH-AA_colu_2012,GH-AA_colu_2012_11,GH-AA_Ga-East_colu_2012,GH-AA_Ga-East_colu_2012_11,-70.528206,1.4856411,2.0542042,-5.463941,2.34583,-13.509164,32.767166,8.761097,-13.862029,11.068678
AA0091-C,Takoradi_G9,David Weetman,Ghana,Takoradi,2012,8,4.912,-1.774,F,AG1000G-GH,3.0,0.96,0.002,gamb_colu,coluzzii,coluzzii,GHA,Western,GH-WP,Shama Ahanta East,coluzzii,GH-WP_colu_2012,GH-WP_colu_2012_08,GH-WP_Shama-Ahanta-East_colu_2012,GH-WP_Shama-Ahanta-East_colu_2012_08,-70.42989,-0.47422066,0.94537145,-2.398268,30.332426,1.3911802,-2.4990637,1.1332421,-18.123209,-7.099175
AA0081-C,Koforidua_G2,David Weetman,Ghana,Koforidua,2012,11,6.093999999999999,-0.261,F,AG1000G-GH,3.0,0.02,0.002,gamb_colu,gambiae,gambiae,GHA,Eastern,GH-EP,New Juaben,gambiae,GH-EP_gamb_2012,GH-EP_gamb_2012_11,GH-EP_New-Juaben_gamb_2012,GH-EP_New-Juaben_gamb_2012_11,112.59903,-17.209185,19.730114,42.342255,-6.6889076,-53.422897,25.152927,138.74123,-6.457383,-59.591087
AA0082-C,Koforidua_D4,David Weetman,Ghana,Koforidua,2012,11,6.093999999999999,-0.261,F,AG1000G-GH,3.0,0.065,0.002,gamb_colu,gambiae,gambiae,GHA,Eastern,GH-EP,New Juaben,gambiae,GH-EP_gamb_2012,GH-EP_gamb_2012_11,GH-EP_New-Juaben_gamb_2012,GH-EP_New-Juaben_gamb_2012_11,154.4082,248.38048,-11.213705,-134.77669,11.345745,6.8406267,4.267827,35.510704,1.5388755,-11.401722
AA0109-C,Madina_F4,David Weetman,Ghana,Madina_West,2012,11,5.667999999999999,-0.21899999999999997,F,AG1000G-GH,3.0,0.9670000000000001,0.002,gamb_colu,coluzzii,coluzzii,GHA,Greater Accra,GH-AA,Ga East,coluzzii,GH-AA_colu_2012,GH-AA_colu_2012_11,GH-AA_Ga-East_colu_2012,GH-AA_Ga-East_colu_2012_11,-70.624275,-0.86466193,1.3959321,-6.85944,-11.14764,-1.7764348,78.34536,-30.346119,8.119671,98.40855
AA0122-C,Madina_C6,David Weetman,Ghana,Madina_West,2012,11,5.667999999999999,-0.21899999999999997,F,AG1000G-GH,3.0,0.016,0.002,gamb_colu,gambiae,gambiae,GHA,Greater Accra,GH-AA,Ga East,gambiae,GH-AA_gamb_2012,GH-AA_gamb_2012_11,GH-AA_Ga-East_gamb_2012,GH-AA_Ga-East_gamb_2012_11,127.70646,4.03401,-11.606984,59.642212,-9.087561,-13.246187,14.915196,36.688953,7.327449,-42.288277
AA0137-C,Koforidua_G6,David Weetman,Ghana,Koforidua,2012,11,6.093999999999999,-0.261,F,AG1000G-GH,3.0,0.03,0.002,gamb_colu,gambiae,gambiae,GHA,Eastern,GH-EP,New Juaben,gambiae,GH-EP_gamb_2012,GH-EP_gamb_2012_11,GH-EP_New-Juaben_gamb_2012,GH-EP_New-Juaben_gamb_2012_11,115.567665,-7.2630744,0.5203045,69.946945,-3.7417643,25.447115,12.567471,21.942772,-16.385588,-72.92009
AA0140-C,Madina_G6,David Weetman,Ghana,Madina_West,2012,11,5.667999999999999,-0.21899999999999997,F,AG1000G-GH,3.0,0.975,0.002,gamb_colu,coluzzii,coluzzii,GHA,Greater Accra,GH-AA,Ga East,coluzzii,GH-AA_colu_2012,GH-AA_colu_2012_11,GH-AA_Ga-East_colu_2012,GH-AA_Ga-East_colu_2012_11,-88.92702,3.0640807,3.9044673,-37.309017,-371.63168,0.8350118,-43.694748,2.1017876,0.0130074,-10.212349
AA0079-C,Takoradi_F9,David Weetman,Ghana,Takoradi,2012,8,4.912,-1.774,F,AG1000G-GH,3.0,0.9740000000000001,0.002,gamb_colu,coluzzii,coluzzii,GHA,Western,GH-WP,Shama Ahanta East,coluzzii,GH-WP_colu_2012,GH-WP_colu_2012_08,GH-WP_Shama-Ahanta-East_colu_2012,GH-WP_Shama-Ahanta-East_colu_2012_08,-71.46416,-0.30457988,-0.30029583,-4.8994308,25.00958,8.321332,-34.910263,-3.3180728,-43.71901,60.768265
AA0080-C,Takoradi_A11,David Weetman,Ghana,Takoradi,2012,8,4.912,-1.774,F,AG1000G-GH,3.0,0.97,0.002,gamb_colu,coluzzii,coluzzii,GHA,Western,GH-WP,Shama Ahanta East,coluzzii,GH-WP_colu_2012,GH-WP_colu_2012_08,GH-WP_Shama-Ahanta-East_colu_2012,GH-WP_Shama-Ahanta-East_colu_2012_08,-78.99552,0.47594628,3.9137115,-3.9912157,25.9851,-2.304615,75.05426,-40.223827,170.68811,-127.55189
AA0086-C,Madina_H5,David Weetman,Ghana,Madina_West,2012,11,5.667999999999999,-0.21899999999999997,F,AG1000G-GH,3.0,0.031,0.002,gamb_colu,gambiae,gambiae,GHA,Greater Accra,GH-AA,Ga East,gambiae,GH-AA_gamb_2012,GH-AA_gamb_2012_11,GH-AA_Ga-East_gamb_2012,GH-AA_Ga-East_gamb_2012_11,127.99393,-6.0579166,-7.916284,68.57349,-5.79084,-81.60739,-50.091507,-145.54109,-28.116076,-104.5493
AA0136-C,Takoradi_A12,David Weetman,Ghana,Takoradi,2012,8,4.912,-1.774,F,AG1000G-GH,3.0,0.965,0.002,gamb_colu,coluzzii,coluzzii,GHA,Western,GH-WP,Shama Ahanta East,coluzzii,GH-WP_colu_2012,GH-WP_colu_2012_08,GH-WP_Shama-Ahanta-East_colu_2012,GH-WP_Shama-Ahanta-East_colu_2012_08,-66.792755,0.49226123,2.3566742,-0.8724232,14.82302,-5.771816,-41.261578,6.7932477,-27.744846,-7.1154428
AA0139-C,Madina_F6,David Weetman,Ghana,Madina_West,2012,11,5.667999999999999,-0.21899999999999997,F,AG1000G-GH,3.0,0.975,0.002,gamb_colu,coluzzii,coluzzii,GHA,Greater Accra,GH-AA,Ga East,coluzzii,GH-AA_colu_2012,GH-AA_colu_2012_11,GH-AA_Ga-East_colu_2012,GH-AA_Ga-East_colu_2012_11,-70.45206,2.8136818,0.9811505,-4.440149,10.880178,-3.9567673,33.043682,-0.42566466,-30.805447,48.30589
AA0057-C,Koforidua_D2,David Weetman,Ghana,Koforidua,2012,11,6.093999999999999,-0.261,F,AG1000G-GH,3.0,0.027000000000000003,0.002,gamb_colu,gambiae,gambiae,GHA,Eastern,GH-EP,New Juaben,gambiae,GH-EP_gamb_2012,GH-EP_gamb_2012_11,GH-EP_New-Juaben_gamb_2012,GH-EP_New-Juaben_gamb_2012_11,155.17285,-215.25003,-327.6773,-206.52371,11.652018,17.999767,0.5013558,8.154042,1.4165488,0.8253601
AA0135-C,Twifo_Praso__C5,David Weetman,Ghana,Twifo Praso,2012,9,5.609,-1.5490000000000002,F,AG1000G-GH,3.0,0.966,0.002,gamb_colu,coluzzii,coluzzii,GHA,Central,GH-CP,Twifu Heman/Lower Denkyira,coluzzii,GH-CP_colu_2012,GH-CP_colu_2012_09,GH-CP_Twifu-Heman-Lower-Denkyira_colu_2012,GH-CP_Twifu-Heman-Lower-Denkyira_colu_2012_09,-69.11449,0.23616637,-2.7418253,-3.1590872,23.885374,0.57421666,9.412366,8.383225,-30.6921,-17.377003
AA0124-C,Twifo_Praso__G3,David Weetman,Ghana,Twifo Praso,2012,9,5.609,-1.5490000000000002,F,AG1000G-GH,3.0,0.9790000000000001,0.002,gamb_colu,coluzzii,coluzzii,GHA,Central,GH-CP,Twifu Heman/Lower Denkyira,coluzzii,GH-CP_colu_2012,GH-CP_colu_2012_09,GH-CP_Twifu-Heman-Lower-Denkyira_colu_2012,GH-CP_Twifu-Heman-Lower-Denkyira_colu_2012_09,-71.833176,2.9122162,-2.1647115,-3.8918629,18.691675,-5.2159266,73.867676,20.191769,-240.09517,-57.156578
AA0045-C,Koforidua_A2,David Weetman,Ghana,Koforidua,2012,11,6.093999999999999,-0.261,F,AG1000G-GH,3.0,0.035,0.002,gamb_colu,gambiae,gambiae,GHA,Eastern,GH-EP,New Juaben,gambiae,GH-EP_gamb_2012,GH-EP_gamb_2012_11,GH-EP_New-Juaben_gamb_2012,GH-EP_New-Juaben_gamb_2012_11,120.11466,-8.072827,-14.644064,72.97446,-13.695808,-12.838497,14.326883,79.83006,-6.7113934,-24.445066
AA0072-C,Madina_F1,David Weetman,Ghana,Madina_West,2012,11,5.667999999999999,-0.21899999999999997,F,AG1000G-GH,3.0,0.02,0.002,gamb_colu,gambiae,gambiae,GHA,Greater Accra,GH-AA,Ga East,gambiae,GH-AA_gamb_2012,GH-AA_gamb_2012_11,GH-AA_Ga-East_gamb_2012,GH-AA_Ga-East_gamb_2012_11,133.45384,-5.2133784,28.88296,58.031303,-6.03302,20.68931,-12.255832,-132.20122,-19.191628,21.667595
AA0108-C,Madina_A3,David Weetman,Ghana,Madina_West,2012,11,5.667999999999999,-0.21899999999999997,F,AG1000G-GH,3.0,0.068,0.002,gamb_colu,gambiae,gambiae,GHA,Greater Accra,GH-AA,Ga East,gambiae,GH-AA_gamb_2012,GH-AA_gamb_2012_11,GH-AA_Ga-East_gamb_2012,GH-AA_Ga-East_gamb_2012_11,79.081764,-0.33486268,7.542308,57.78656,1.6852175,-23.16027,7.023152,31.88212,31.72378,32.408623
